Date,Open,High,Low,Close,Adj Close,Volume,Returns
2016-01-04,102.610001,105.370003,102.0,105.349998,99.499107,67649400,
2016-01-05,105.75,105.849998,102.410004,102.709999,97.00573,55791000,-0.025059290230614817
2016-01-06,100.559998,102.370003,99.870003,100.699997,95.107361,68457400,-0.01956965841090008
2016-01-07,98.68,100.129997,96.43,96.449997,91.093399,81094400,-0.042204535566915724
2016-01-08,98.550003,99.110001,96.760002,96.959999,91.575073,70798000,0.0052876937877792685
2016-01-11,98.970001,99.059998,97.339996,98.529999,93.057869,49739400,0.016192135604412794
2016-01-12,100.550003,100.690002,98.839996,99.959999,94.408447,49154200,0.014513313215887225
2016-01-13,100.32,101.190002,97.300003,97.389999,91.98119399999999,62439600,-0.025710125281480423
2016-01-14,97.959999,100.480003,95.739998,99.519997,93.992889,63170100,0.021870720660573495
2016-01-15,96.199997,97.709999,95.360001,97.129997,91.73563399999999,79010000,-0.024015167785724878
2016-01-19,98.410004,98.650002,95.5,96.660004,91.291718,53087700,-0.004839079217569764
2016-01-20,95.099998,98.190002,93.41999799999999,96.790001,91.41452,72334400,0.0013451603572625093
2016-01-21,97.059998,97.879997,94.940002,96.300003,90.951736,52161500,-0.005062478039593699
2016-01-22,98.629997,101.459999,98.370003,101.41999799999999,95.787369,65800500,0.05316702256238415
2016-01-25,101.519997,101.529999,99.209999,99.440002,93.91733599999999,51794500,-0.01952275148093907
2016-01-26,99.93,100.879997,98.07,99.989998,94.43679,75077000,0.005530970341833585
2016-01-27,96.040001,96.629997,93.339996,93.41999799999999,88.231659,133369700,-0.06570671239460812
2016-01-28,93.790001,94.519997,92.389999,94.089996,88.864449,55678800,0.007171915468573431
2016-01-29,94.790001,97.339996,94.349998,97.339996,91.93396,64416500,0.034541495891118545
2016-02-01,96.470001,96.709999,95.400002,96.43,91.074501,40943500,-0.009348656361588215
2016-02-02,95.41999799999999,96.040001,94.279999,94.480003,89.232796,37357200,-0.020221960919665105
2016-02-03,95.0,96.839996,94.08000200000001,96.349998,90.998932,45964300,0.019792453886573247
2016-02-04,95.860001,97.33000200000001,95.190002,96.599998,91.73011,46471700,0.00803501737800616
2016-02-05,96.519997,96.91999799999999,93.690002,94.019997,89.28019,46418100,-0.026707915209084443
2016-02-08,93.129997,95.699997,93.040001,95.010002,90.220276,54021400,0.010529614688320033
2016-02-09,94.290001,95.940002,93.93,94.989998,90.20129399999999,44331200,-0.00021039616416163032
2016-02-10,95.91999799999999,96.349998,94.099998,94.269997,89.517586,42343600,-0.007579802569129379
2016-02-11,93.790001,94.720001,92.589996,93.699997,88.976318,50074700,-0.006046499064440658
2016-02-12,94.190002,94.5,93.010002,93.989998,89.25168599999999,40351400,0.003094845979128902
2016-02-16,95.019997,96.849998,94.610001,96.639999,91.768089,49057900,0.028194458981985138
2016-02-17,96.66999799999999,98.209999,96.150002,98.120003,93.173508,44863200,0.01531489884245052
2016-02-18,98.839996,98.889999,96.089996,96.260002,91.40727199999999,39021000,-0.018956418384504792
2016-02-19,96.0,96.760002,95.800003,96.040001,91.198341,35374200,-0.0022857152984501194
2016-02-22,96.309998,96.900002,95.91999799999999,96.879997,91.995995,34280800,0.008746365243639698
2016-02-23,96.400002,96.5,94.550003,94.690002,89.91642,31942600,-0.022605060144194278
2016-02-24,93.980003,96.379997,93.32,96.099998,91.255333,36255700,0.014890639551708107
2016-02-25,96.050003,96.760002,95.25,96.760002,91.88205699999999,27582700,0.006867806838204205
2016-02-26,97.199997,98.019997,96.58000200000001,96.910004,92.02449,28991100,0.0015501720863737578
2016-02-29,96.860001,98.230003,96.650002,96.690002,91.815598,35216300,-0.0022699609636522844
2016-03-01,97.650002,100.769997,97.41999799999999,100.529999,95.461998,50407100,0.03971438491311674
2016-03-02,100.510002,100.889999,99.639999,100.75,95.670914,33169600,0.002188472946061726
2016-03-03,100.58000200000001,101.709999,100.449997,101.5,96.383095,36955700,0.007444070200897324
2016-03-04,102.370003,103.75,101.370003,103.010002,97.816986,46055100,0.014876996842651646
2016-03-07,102.389999,102.83000200000001,100.959999,101.870003,96.734444,35828900,-0.01106701447537961
2016-03-08,100.779999,101.760002,100.400002,101.029999,95.936798,31561900,-0.008245728894663462
2016-03-09,101.309998,101.58000200000001,100.269997,101.120003,96.022263,27201700,0.0008908469094413007
2016-03-10,101.410004,102.239998,100.150002,101.16999799999999,96.069733,33513600,0.0004943645204447122
2016-03-11,102.239998,102.279999,101.5,102.260002,97.10479699999999,27408200,0.01077409052443179
2016-03-14,101.910004,102.910004,101.779999,102.519997,97.351677,25076100,0.0025424078688924823
2016-03-15,103.959999,105.18,103.849998,104.58000200000001,99.30783100000001,40067700,0.020093685699939412
2016-03-16,104.610001,106.309998,104.589996,105.970001,100.627762,38303500,0.013291308315856787
2016-03-17,105.519997,106.470001,104.959999,105.800003,100.466324,34420700,-0.0016043087592467753
2016-03-18,106.339996,106.5,105.190002,105.91999799999999,100.580276,44205200,0.0011342308095196874
2016-03-21,105.93,107.650002,105.139999,105.910004,100.570778,35502700,-9.443203357284435e-05
2016-03-22,105.25,107.290001,105.209999,106.720001,101.339943,32444400,0.007647996916161803
2016-03-23,106.480003,107.07,105.900002,106.129997,100.77969399999999,25703500,-0.005528412424704143
2016-03-24,105.470001,106.25,104.889999,105.66999799999999,100.342873,26133000,-0.004334414827653621
2016-03-28,106.0,106.190002,105.059998,105.190002,99.88709300000001,19411400,-0.004542225933674371
2016-03-29,104.889999,107.790001,104.879997,107.68,102.25155600000001,31190100,0.0236713566186173
2016-03-30,108.650002,110.41999799999999,108.599998,109.559998,104.03675799999999,45601100,0.017458922581089942
2016-03-31,109.720001,109.900002,108.879997,108.989998,103.495514,25888400,-0.005202430471737629
2016-04-01,108.779999,110.0,108.199997,109.989998,104.445091,25874000,0.00917505467918156
2016-04-04,110.41999799999999,112.190002,110.269997,111.120003,105.518127,37356200,0.010273685337686134
2016-04-05,109.510002,110.730003,109.41999799999999,109.809998,104.274162,26578700,-0.011789111836679966
2016-04-06,110.230003,110.980003,109.199997,110.959999,105.366203,26404100,0.01047278615387004
2016-04-07,109.949997,110.41999799999999,108.120003,108.540001,103.06819200000001,31801900,-0.02180975430992793
2016-04-08,108.910004,109.769997,108.16999799999999,108.660004,103.182144,23581700,0.001105598126723617
2016-04-11,108.970001,110.610001,108.83000200000001,109.019997,103.523987,29407500,0.0033130053975232165
2016-04-12,109.339996,110.5,108.660004,110.440002,104.87240600000001,27232300,0.013025184201995721
2016-04-13,110.800003,112.339996,110.800003,112.040001,106.391754,33257300,0.014487585990923035
2016-04-14,111.620003,112.389999,111.33000200000001,112.099998,106.44871499999999,25473900,0.0005353892370265623
2016-04-15,112.110001,112.300003,109.730003,109.849998,104.312149,46939000,-0.0200713179111649
2016-04-18,108.889999,108.949997,106.940002,107.480003,102.061638,60834000,-0.021574773615295806
2016-04-19,107.879997,108.0,106.230003,106.910004,101.52037,32384900,-0.005303344239879881
2016-04-20,106.639999,108.089996,106.059998,107.129997,101.729279,30611000,0.0020578037688396833
2016-04-21,106.93,106.93,105.519997,105.970001,100.627762,31552500,-0.010827924967402924
2016-04-22,105.010002,106.480003,104.620003,105.68,100.35237099999999,33683100,-0.0027367298499594295
2016-04-25,105.0,105.650002,104.510002,105.08000200000001,99.78263100000001,28031600,-0.005677394508197375
2016-04-26,103.910004,105.300003,103.910004,104.349998,99.089409,56016200,-0.006947321322886446
2016-04-27,96.0,98.709999,95.68,97.82,92.888634,114602100,-0.06257757577300727
2016-04-28,97.610001,97.879997,94.25,94.83000200000001,90.049362,82242700,-0.030566409233663605
2016-04-29,93.989998,94.720001,92.510002,93.739998,89.014297,68531500,-0.011494417917142008
2016-05-02,93.970001,94.08000200000001,92.400002,93.639999,88.91933399999999,48160100,-0.0010668286241704017
2016-05-03,94.199997,95.739998,93.68,95.18,90.381714,56831300,0.016446142072993997
2016-05-04,95.199997,95.900002,93.82,94.190002,89.441612,41025500,-0.010401462402007566
2016-05-05,94.0,94.07,92.68,93.239998,89.078583,35890500,-0.004058837848316177
2016-05-06,93.370003,93.449997,91.849998,92.720001,88.581795,43458200,-0.005576963432388671
2016-05-09,93.0,93.769997,92.589996,92.790001,88.648651,32936400,0.0007547374717344901
2016-05-10,93.33000200000001,93.57,92.110001,93.41999799999999,89.25054200000001,33686800,0.006789623905275377
2016-05-11,93.480003,93.57,92.459999,92.510002,88.381157,28719100,-0.009740949248241093
2016-05-12,92.720001,92.779999,89.470001,90.339996,86.308014,76314700,-0.02345684386096014
2016-05-13,90.0,91.66999799999999,90.0,90.519997,86.479965,44392800,0.0019922947132118285
2016-05-16,92.389999,94.389999,91.650002,93.879997,89.69001800000001,61259800,0.03711903676186745
2016-05-17,94.550003,94.699997,93.010002,93.489998,89.317413,46916900,-0.0041543642013763815
2016-05-18,94.160004,95.209999,93.889999,94.559998,90.33968399999999,42062400,0.011445371800009374
2016-05-19,94.639999,94.639999,93.57,94.199997,89.995728,30442100,-0.0038073633288333575
2016-05-20,94.639999,95.43,94.519997,95.220001,90.97020699999999,32026000,0.01082805841628387
2016-05-23,95.870003,97.190002,95.66999799999999,96.43,92.126205,38018600,0.012707435083664453
2016-05-24,97.220001,98.089996,96.839996,97.900002,93.530609,35140200,0.015244348771340288
2016-05-25,98.66999799999999,99.739998,98.110001,99.620003,95.173828,38168800,0.017568783284624967
2016-05-26,99.68,100.730003,98.639999,100.410004,95.928566,56331200,0.00793010027924912
2016-05-27,99.440002,100.470001,99.25,100.349998,95.871239,36229500,-0.0005976009273400695
2016-05-31,99.599998,100.400002,98.82,99.860001,95.403122,42307200,-0.004882767813191635
2016-06-01,99.019997,99.540001,98.33000200000001,98.459999,94.065598,29173300,-0.014019708914767004
2016-06-02,97.599998,97.839996,96.629997,97.720001,93.358643,40191600,-0.007515553135589381
2016-06-03,97.790001,98.269997,97.449997,97.91999799999999,93.549706,28062900,0.0020465485986123078
2016-06-06,97.989998,101.889999,97.550003,98.629997,94.228004,23292500,0.007250669499698992
2016-06-07,99.25,99.870003,98.959999,99.029999,94.610161,22409500,0.004055662688132511
2016-06-08,99.019997,99.559998,98.68,98.940002,94.524185,20848100,-0.0009087396014472171
2016-06-09,98.5,99.989998,98.459999,99.650002,95.202492,26601400,0.007176015323485663
2016-06-10,98.529999,99.349998,98.480003,98.83000200000001,94.41909799999999,31712900,-0.008228713172760416
2016-06-13,98.690002,99.120003,97.099998,97.339996,92.995583,38020500,-0.015076557922635514
2016-06-14,97.32,98.480003,96.75,97.459999,93.110229,31931900,0.0012328112400779023
2016-06-15,97.82,98.410004,97.029999,97.139999,92.80452,29445200,-0.0032833019882273495
2016-06-16,96.449997,97.75,96.07,97.550003,93.196228,31326800,0.00422078579793328
2016-06-17,96.620003,96.650002,95.300003,95.33000200000001,91.07530200000001,61008200,-0.022757637787658047
2016-06-20,96.0,96.57,95.029999,95.099998,90.85556,34411900,-0.002412750714787748
2016-06-21,94.940002,96.349998,94.68,95.910004,91.629425,35546400,0.008517530462637701
2016-06-22,96.25,96.889999,95.349998,95.550003,91.285477,29219100,-0.0037536850198502947
2016-06-23,95.940002,96.290001,95.25,96.099998,91.810951,32240200,0.005756381160170854
2016-06-24,92.910004,94.660004,92.650002,93.400002,89.231445,75311400,-0.028095842292277462
2016-06-27,93.0,93.050003,91.5,92.040001,87.932129,45489600,-0.01456118972409326
2016-06-28,92.900002,93.660004,92.139999,93.589996,89.412949,40444900,0.016840488418061517
2016-06-29,93.970001,94.550003,93.629997,94.400002,90.186806,36531000,0.00865486496816037
2016-06-30,94.440002,95.769997,94.300003,95.599998,91.333252,35836400,0.01271190377891851
2016-07-01,95.489998,96.470001,95.33000200000001,95.889999,91.61030600000001,26026500,0.0030334406575165396
2016-07-05,95.389999,95.400002,94.459999,94.989998,90.750465,27705200,-0.009385854469255883
2016-07-06,94.599998,95.660004,94.370003,95.529999,91.26638,30949100,0.005684984644431124
2016-07-07,95.699997,96.5,95.620003,95.940002,91.658073,25139600,0.004291755627866545
2016-07-08,96.489998,96.889999,96.050003,96.68,92.36502800000001,28912100,0.007712959446572798
2016-07-11,96.75,97.650002,96.730003,96.980003,92.65166500000001,23794900,0.0031033065891561407
2016-07-12,97.16999799999999,97.699997,97.120003,97.41999799999999,93.072037,24167500,0.004537122997195775
2016-07-13,97.410004,97.66999799999999,96.839996,96.870003,92.546562,25892200,-0.005645895555074221
2016-07-14,97.389999,98.989998,97.32,98.790001,94.380875,38919000,0.01982043374015352
2016-07-15,98.91999799999999,99.300003,98.5,98.779999,94.371315,30137000,-0.00010129170766859374
2016-07-18,98.699997,100.129997,98.599998,99.83000200000001,95.37445100000001,36493900,0.010629670679061842
2016-07-19,99.559998,100.0,99.339996,99.870003,95.412666,23779900,0.00040068382674096625
2016-07-20,100.0,100.459999,99.739998,99.959999,95.498657,26276000,0.0009012535086274642
2016-07-21,99.83000200000001,101.0,99.129997,99.43,94.99231,32702000,-0.005302137390267081
2016-07-22,99.260002,99.300003,98.309998,98.660004,94.256683,28313700,-0.007744068967266982
2016-07-25,98.25,98.839996,96.91999799999999,97.339996,92.995583,40382900,-0.013379422655898088
2016-07-26,96.82,97.970001,96.41999799999999,96.66999799999999,92.355492,56239800,-0.006883025831452616
2016-07-27,104.269997,104.349998,102.75,102.949997,98.35521700000001,92344800,0.06496338084583009
2016-07-28,102.83000200000001,104.449997,102.82,104.339996,99.683159,39869800,0.01350149021581637
2016-07-29,104.190002,104.550003,103.68,104.209999,99.558975,27733700,-0.0012457871645098484
2016-08-01,104.410004,106.150002,104.410004,106.050003,101.316849,38167900,0.017656610064537226
2016-08-02,106.050003,106.07,104.0,104.480003,99.816925,33816600,-0.014804289857060282
2016-08-03,104.809998,105.839996,104.769997,105.790001,101.068451,30202600,0.012538214335895415
2016-08-04,105.58000200000001,106.0,105.279999,105.870003,101.692818,27408700,0.006177664679950512
2016-08-05,106.269997,107.650002,106.18,107.480003,103.239288,40553400,0.015207268619500836
2016-08-08,107.519997,108.370003,107.160004,108.370003,104.094177,28037200,0.008280655713162277
2016-08-09,108.230003,108.940002,108.010002,108.809998,104.51681500000001,26315200,0.004060150261815387
2016-08-10,108.709999,108.900002,107.760002,108.0,103.738762,24008500,-0.007444285400392436
2016-08-11,108.519997,108.93,107.849998,107.93,103.671532,27484500,-0.000648070197714512
2016-08-12,107.779999,108.440002,107.779999,108.18,103.911659,18660400,0.002316228914221119
2016-08-15,108.139999,109.540001,108.08000200000001,109.480003,105.16037800000001,25868200,0.012017121197150926
2016-08-16,109.629997,110.230003,109.209999,109.379997,105.06431599999999,33794400,-0.0009134809310025194
2016-08-17,109.099998,109.370003,108.339996,109.220001,104.910622,25356000,-0.0014628563326866129
2016-08-18,109.230003,109.599998,109.019997,109.08000200000001,104.776161,21984700,-0.0012816719359456386
2016-08-19,108.769997,109.690002,108.360001,109.360001,105.04511299999999,25368100,0.002566919778631549
2016-08-22,108.860001,109.099998,107.849998,108.510002,104.228661,25820200,-0.007772393942781397
2016-08-23,108.589996,109.32,108.529999,108.849998,104.555229,21257700,0.003133188096890116
2016-08-24,108.57,108.75,107.68,108.029999,103.767593,23675100,-0.007533205249830144
2016-08-25,107.389999,107.879997,106.68,107.57,103.325737,25086200,-0.004258130956164674
2016-08-26,107.410004,107.949997,106.309998,106.940002,102.72058100000001,27766300,-0.0058567789359198485
2016-08-29,106.620003,107.440002,106.290001,106.82,102.605331,24970300,-0.0011219757411613518
2016-08-30,105.800003,106.5,105.5,106.0,101.817673,24863900,-0.007676579689606999
2016-08-31,105.660004,106.57,105.639999,106.099998,101.91373399999999,29662400,0.0009434609647775982
2016-09-01,106.139999,106.800003,105.620003,106.730003,102.518875,26701500,0.00593777674753837
2016-09-02,107.699997,108.0,106.82,107.730003,103.479424,26802500,0.00936948439982399
2016-09-06,107.900002,108.300003,107.510002,107.699997,103.450592,26880400,-0.0002786254395849008
2016-09-07,107.83000200000001,108.760002,107.07,108.360001,104.08455699999999,42364300,0.006128191127219296
2016-09-08,107.25,107.269997,105.239998,105.519997,101.356606,53002000,-0.02620898890889256
2016-09-09,104.639999,105.720001,103.129997,103.129997,99.060921,46557000,-0.022649584379334953
2016-09-12,102.650002,105.720001,102.529999,105.440002,101.27977,45292800,0.02239883273445442
2016-09-13,107.510002,108.790001,107.239998,107.949997,103.690727,62176200,0.023804921752883068
2016-09-14,108.730003,113.029999,108.599998,111.769997,107.360023,110888700,0.03538692519727449
2016-09-15,113.860001,115.730003,113.489998,115.57,111.01008600000002,89983600,0.033998344057732055
2016-09-16,115.120003,116.129997,114.040001,114.91999799999999,110.38573500000001,79886900,-0.005624272735001767
2016-09-19,115.190002,116.18,113.25,113.58000200000001,109.098602,47023000,-0.011660320058565654
2016-09-20,113.050003,114.120003,112.510002,113.57,109.088982,34514300,-8.817711523012584e-05
2016-09-21,113.849998,113.989998,112.440002,113.550003,109.069778,36003200,-0.00017603977640934243
2016-09-22,114.349998,114.940002,114.0,114.620003,110.09756499999999,31074000,0.009423206124064887
2016-09-23,114.41999799999999,114.790001,111.550003,112.709999,108.262924,52481200,-0.016663774534886322
2016-09-26,111.639999,113.389999,111.550003,112.879997,108.426224,29869400,0.0015083649504978869
2016-09-27,113.0,113.18,112.339996,113.089996,108.62793700000002,24607400,0.001860370974461123
2016-09-28,113.690002,114.639999,113.43,113.949997,109.454002,29641100,0.007604535470465468
2016-09-29,113.160004,113.800003,111.800003,112.18,107.753845,35887000,-0.015533072970689621
2016-09-30,112.459999,113.370003,111.800003,113.050003,108.589523,36379100,0.007755435548494782
2016-10-03,112.709999,113.050003,112.279999,112.519997,108.08041399999999,21701800,-0.004688380480315835
2016-10-04,113.059998,114.309998,112.629997,113.0,108.541481,29736800,0.004265962563763104
2016-10-05,113.400002,113.660004,112.690002,113.050003,108.589523,21453100,0.00044261419281710346
2016-10-06,113.699997,114.339996,113.129997,113.889999,109.39636999999999,28779300,0.007430247207182106
2016-10-07,114.309998,114.559998,113.510002,114.059998,109.55967700000001,24358400,0.0014928009037229462
2016-10-10,115.019997,116.75,114.720001,116.050003,111.47114599999999,36236000,0.017446829457155033
2016-10-11,117.699997,118.690002,116.199997,116.300003,111.71128799999998,64041000,0.002154297399974636
2016-10-12,117.349998,117.980003,116.75,117.339996,112.71023600000001,37586800,0.008942229723463813
2016-10-13,116.790001,117.440002,115.720001,116.980003,112.36446399999998,35192400,-0.003067795900986492
2016-10-14,117.879997,118.16999799999999,117.129997,117.629997,112.9888,35652200,0.005556347423149921
2016-10-17,117.33000200000001,117.839996,116.779999,117.550003,112.91196399999998,23624900,-0.0006800320031721263
2016-10-18,118.18,118.209999,117.449997,117.470001,112.83511399999999,24553500,-0.0006806187517913731
2016-10-19,117.25,117.760002,113.800003,117.120003,112.49893200000001,20034600,-0.0029794094061887932
2016-10-20,116.860001,117.379997,116.33000200000001,117.059998,112.44128400000001,24125800,-0.0005124315313500549
2016-10-21,116.809998,116.910004,116.279999,116.599998,111.99945100000001,23192700,-0.003929455305757612
2016-10-24,117.099998,117.739998,117.0,117.650002,113.00801799999999,23538700,0.009005106641102989
2016-10-25,117.949997,118.360001,117.309998,118.25,113.58434299999999,48129000,0.005099859374579907
2016-10-26,114.309998,115.699997,113.309998,115.589996,111.02928899999999,66134200,-0.022494772893126624
2016-10-27,115.389999,115.860001,114.099998,114.480003,109.96309699999999,34562000,-0.009602799491943093
2016-10-28,113.870003,115.209999,113.449997,113.720001,109.233078,37861700,-0.006638763548101778
2016-10-31,113.650002,114.230003,113.199997,113.540001,109.06018799999998,26419400,-0.0015827623204028862
2016-11-01,113.459999,113.769997,110.529999,111.489998,107.09106399999999,43825800,-0.018055387911122933
2016-11-02,111.400002,112.349998,111.230003,111.589996,107.18711100000002,28331700,0.0008968722170883403
2016-11-03,110.980003,111.459999,109.550003,109.83000200000001,106.03820800000001,26932600,-0.01071866747112915
2016-11-04,108.529999,110.25,108.110001,108.839996,105.082375,30837000,-0.009014043315405784
2016-11-07,110.08000200000001,110.510002,109.459999,110.410004,106.598175,32560000,0.014424873819229855
2016-11-08,110.309998,111.720001,109.699997,111.059998,107.22573100000001,24054500,0.005887117673450071
2016-11-09,109.879997,111.32,108.050003,110.879997,107.051956,59176400,-0.0016206464472600102
2016-11-10,111.089996,111.089996,105.83000200000001,107.790001,104.068626,57134500,-0.027868056890058224
2016-11-11,107.120003,108.870003,106.550003,108.43,104.686531,34094100,0.005937476295689859
2016-11-14,107.709999,107.809998,104.08000200000001,105.709999,102.060455,51175500,-0.025085137265652646
2016-11-15,106.57,107.68,106.160004,107.110001,103.41211700000001,32264500,0.0132437387232891
2016-11-16,106.699997,110.230003,106.599998,109.989998,106.19268000000001,58840500,0.026888174042505986
2016-11-17,109.809998,110.349998,108.83000200000001,109.949997,106.15406000000002,27632000,-0.0003636785511016427
2016-11-18,109.720001,110.540001,109.660004,110.059998,106.260269,28428900,0.0010005175496818897
2016-11-21,110.120003,111.989998,110.010002,111.730003,107.87262,29264600,0.015173601715613882
2016-11-22,111.949997,112.41999799999999,111.400002,111.800003,107.940193,25965500,0.0006264147473196147
2016-11-23,111.360001,111.510002,110.33000200000001,111.230003,107.38987,27426400,-0.005098406670441924
2016-11-25,111.129997,111.870003,110.949997,111.790001,107.93053400000001,11475900,0.005034590320297516
2016-11-28,111.43,112.470001,111.389999,111.57,107.71813999999999,27194000,-0.001967876856794004
2016-11-29,110.779999,112.029999,110.07,111.459999,107.611946,28528800,-0.0009858506654495391
2016-11-30,111.599998,112.199997,110.269997,110.519997,106.704384,36162300,-0.00843365475427793
2016-12-01,110.370003,110.940002,109.029999,109.489998,105.709946,37086900,-0.009319560853282338
2016-12-02,109.16999799999999,110.089996,108.849998,109.900002,106.10578899999999,26528000,0.0037446145322974633
2016-12-05,110.0,110.029999,108.25,109.110001,105.34306299999999,34324500,-0.007188354256524088
2016-12-06,109.5,110.360001,109.190002,109.949997,106.15406000000002,26195500,0.007698627483425646
2016-12-07,109.260002,111.190002,109.160004,111.029999,107.19677,29998700,0.009822610647204577
2016-12-08,110.860001,112.43,110.599998,112.120003,108.249146,27068300,0.009817236097692028
2016-12-09,112.309998,114.699997,112.309998,113.949997,110.015961,34402600,0.016321745392799736
2016-12-12,113.290001,115.0,112.489998,113.300003,109.388397,26374400,-0.005704299578858429
2016-12-13,113.839996,115.91999799999999,113.75,115.190002,111.21315,43733800,0.01668141274618007
2016-12-14,115.040001,116.199997,114.980003,115.190002,111.21315,34031800,0.0
2016-12-15,115.379997,116.730003,115.230003,115.82,111.821404,46524500,0.005469263302046556
2016-12-16,116.470001,116.5,115.650002,115.970001,111.966232,44351100,0.001295172434071734
2016-12-19,115.800003,117.379997,115.75,116.639999,112.613098,27779400,0.005777331151056275
2016-12-20,116.739998,117.5,116.68,116.949997,112.912392,21425000,0.00265771926459224
2016-12-21,116.800003,117.400002,116.779999,117.059998,113.01858500000002,23783200,0.0009404902165213169
2016-12-22,116.349998,116.510002,115.639999,116.290001,112.27518500000001,26085900,-0.006577679237445788
2016-12-23,115.589996,116.519997,115.589996,116.519997,112.49724599999999,14249500,0.0019778279590452197
2016-12-27,116.519997,117.800003,116.489998,117.260002,113.211685,18296900,0.006350724354621251
2016-12-28,117.519997,118.019997,116.199997,116.760002,112.728951,20905900,-0.004263994480781852
2016-12-29,116.449997,117.110001,116.400002,116.730003,112.69998899999999,15039500,-0.00025691714278441857
2016-12-30,116.650002,117.199997,115.43,115.82,111.821404,30586300,-0.007795786031531748
2017-01-03,115.800003,116.33000200000001,114.760002,116.150002,112.14000700000001,28781900,0.0028492130182877773
2017-01-04,115.849998,116.510002,115.75,116.019997,112.014503,21118100,-0.001119172393131751
2017-01-05,115.91999799999999,116.860001,115.809998,116.610001,112.584129,22193600,0.005085287929188942
2017-01-06,116.779999,118.160004,116.470001,117.910004,113.839249,31751900,0.011148285385766954
2017-01-09,117.949997,119.43,117.940002,118.989998,114.88195,33561900,0.009159415659883763
2017-01-10,118.769997,119.379997,118.300003,119.110001,114.997818,24462100,0.0010085831586248428
2017-01-11,118.739998,119.93,118.599998,119.75,115.615723,27588600,0.005373188906940829
2017-01-12,118.900002,119.300003,118.209999,119.25,115.13298799999998,27086200,-0.004175340407636563
2017-01-13,119.110001,119.620003,118.809998,119.040001,114.930237,26111900,-0.0017610157047255326
2017-01-17,118.339996,120.239998,118.220001,120.0,115.85708600000001,34439800,0.008064448696821325
2017-01-18,120.0,120.5,119.709999,119.989998,115.847435,23713000,-8.330090401209578e-05
2017-01-19,119.400002,120.089996,119.370003,119.779999,115.644691,25597300,-0.0017500948553588191
2017-01-20,120.449997,120.449997,119.730003,120.0,115.85708600000001,32597900,0.0018366169528700738
2017-01-23,120.0,120.809998,119.769997,120.08000200000001,115.934326,22050200,0.0006666834344513095
2017-01-24,119.550003,120.099998,119.5,119.970001,115.828125,23211000,-0.0009160444853925087
2017-01-25,120.41999799999999,122.099998,120.279999,121.879997,117.67218799999999,32377600,0.015920684203426294
2017-01-26,121.66999799999999,122.440002,121.599998,121.940002,117.73011799999999,26337600,0.0004922998457375094
2017-01-27,122.139999,122.349998,121.599998,121.949997,117.739769,20562900,8.197562496281563e-05
2017-01-30,120.93,121.629997,120.660004,121.629997,117.43081699999999,30377500,-0.002624024173174644
2017-01-31,121.150002,121.389999,120.620003,121.349998,117.16049199999999,49201000,-0.0023019936921668815
2017-02-01,127.029999,130.490005,127.010002,128.75,124.305,111985000,0.06098052234195128
2017-02-02,127.980003,129.389999,127.779999,128.529999,124.092606,33710400,-0.0017086521057078086
2017-02-03,128.309998,129.190002,128.16000400000001,129.080002,124.62361899999999,24507300,0.004279167124590755
2017-02-06,129.130005,130.5,128.899994,130.28999299999998,125.79184,26845900,0.009373993544514292
2017-02-07,130.53999299999998,132.08999599999999,130.449997,131.529999,126.989029,38183800,0.00951722305675795
2017-02-08,131.350006,132.220001,131.220001,132.03999299999998,127.48141499999998,23004100,0.0038773900696569275
2017-02-09,131.649994,132.449997,131.119995,132.419998,128.402603,28349900,0.007226057225675042
2017-02-10,132.46000700000002,132.940002,132.050003,132.119995,128.11171000000002,20065500,-0.002265475879799639
2017-02-13,133.080002,133.820007,132.75,133.28999299999998,129.246201,23035400,0.008855482453555608
2017-02-14,133.470001,135.08999599999999,133.25,135.020004,130.923721,33226200,0.012979259637967866
2017-02-15,135.520004,136.270004,134.619995,135.509995,131.39883400000002,35623100,0.0036289298560343575
2017-02-16,135.669998,135.899994,134.83999599999999,135.350006,131.243729,22584600,-0.0011804138231548134
2017-02-17,135.100006,135.830002,135.100006,135.720001,131.60249299999998,22198200,0.002733570607400093
2017-02-21,136.229996,136.75,135.979996,136.699997,132.55275,24507200,0.007220661085804991
2017-02-22,136.429993,137.119995,136.110001,137.110001,132.95031699999998,20836900,0.0029993115948176996
2017-02-23,137.380005,137.479996,136.300003,136.529999,132.387909,20788200,-0.0042302118016008805
2017-02-24,135.91000400000001,136.66000400000001,135.279999,136.66000400000001,132.51396200000002,21776600,0.0009521488854393745
2017-02-27,137.139999,137.440002,136.279999,136.929993,132.775772,20257400,0.001975716339988054
2017-02-28,137.080002,137.440002,136.699997,136.990005,132.833969,23482900,0.000438310386928098
2017-03-01,137.889999,140.149994,137.600006,139.78999299999998,135.548996,36414600,0.020439252251809092
2017-03-02,140.0,140.279999,138.759995,138.96000700000002,134.744186,26211000,-0.005937410263075482
2017-03-03,138.779999,139.830002,138.58999599999999,139.779999,135.539307,21108100,0.005900967036900573
2017-03-06,139.369995,139.770004,138.600006,139.33999599999999,135.11265600000002,21750000,-0.003147802725596005
2017-03-07,139.059998,139.979996,138.78999299999998,139.520004,135.287201,17446300,0.0012918478932129052
2017-03-08,138.949997,139.800003,138.820007,139.0,134.782974,18707200,-0.0037270857573585836
2017-03-09,138.740005,138.78999299999998,137.050003,138.679993,134.472672,22155900,-0.002302234405363479
2017-03-10,139.25,139.360001,138.639999,139.139999,134.918732,19612800,0.0033171052033533766
2017-03-13,138.850006,139.429993,138.820007,139.199997,134.976898,17421700,0.0004311187863816901
2017-03-14,139.300003,139.649994,138.83999599999999,138.990005,134.77328500000002,15309100,-0.0015085025883465608
2017-03-15,139.41000400000001,140.75,139.029999,140.46000700000002,136.198685,25691800,0.010576280009795713
2017-03-16,140.720001,141.020004,140.259995,140.690002,136.42169199999998,19232000,0.0016373652946792827
2017-03-17,141.0,141.0,139.889999,139.990005,135.74295,43885000,-0.004975323132628828
2017-03-20,140.399994,141.5,140.229996,141.46000700000002,137.168365,21542000,0.010500840006792078
2017-03-21,142.110001,142.800003,139.729996,139.83999599999999,135.59750400000001,39529900,-0.011452064767266013
2017-03-22,139.850006,141.600006,139.759995,141.419998,137.12956200000002,25860200,0.011298570805551078
2017-03-23,141.259995,141.580002,140.610001,140.919998,136.644714,20346300,-0.0035356927633155566
2017-03-24,141.5,141.740005,140.350006,140.639999,136.37323,22395600,-0.0019867874288937992
2017-03-27,139.389999,141.220001,138.619995,140.880005,136.60595700000002,23575100,0.0017065446055652966
2017-03-28,140.91000400000001,144.03999299999998,140.619995,143.800003,139.437347,33374800,0.02072669495664803
2017-03-29,143.679993,144.490005,143.190002,144.119995,139.74765,29190000,0.002225393746196236
2017-03-30,144.190002,144.5,143.5,143.929993,139.563416,21207300,-0.00131833343888077
2017-03-31,143.720001,144.270004,143.009995,143.66000400000001,139.301605,19661700,-0.0018759285742905307
2017-04-03,143.71000700000002,144.119995,143.050003,143.699997,139.340393,19985700,0.00027844618157857326
2017-04-04,143.25,144.889999,143.169998,144.770004,140.37793,19891400,0.007446060526038467
2017-04-05,144.220001,145.46000700000002,143.809998,144.020004,139.650681,27717900,-0.005180650548130994
2017-04-06,144.28999299999998,144.520004,143.449997,143.66000400000001,139.301605,21149000,-0.0024996369333851742
2017-04-07,143.729996,144.179993,143.270004,143.33999599999999,138.991318,16672200,-0.0022274474152683688
2017-04-10,143.600006,143.880005,142.899994,143.169998,138.82646200000002,18933400,-0.0011860884720870102
2017-04-11,142.940002,143.350006,140.059998,141.630005,137.33320600000002,30379400,-0.01075627786293365
2017-04-12,141.600006,142.149994,141.009995,141.800003,137.498032,20350000,0.001200190433186199
2017-04-13,141.91000400000001,142.380005,141.050003,141.050003,136.770782,17822900,-0.005289166611490148
2017-04-17,141.479996,141.880005,140.869995,141.830002,137.52713,16582100,0.005530040765578059
2017-04-18,141.41000400000001,142.03999299999998,141.110001,141.199997,136.91622900000002,14697500,-0.0044420399087801155
2017-04-19,141.880005,142.0,140.449997,140.679993,136.412003,17328400,-0.003682733622469403
2017-04-20,141.220001,142.919998,141.16000400000001,142.440002,138.118622,23319600,0.012510768572176145
2017-04-21,142.440002,142.679993,141.850006,142.270004,137.953781,17320900,-0.0011934741138670546
2017-04-24,143.5,143.949997,143.179993,143.639999,139.282196,17134300,0.009629420740559613
2017-04-25,143.91000400000001,144.899994,143.869995,144.529999,140.14518700000002,18871500,0.006195989328025897
2017-04-26,144.470001,144.600006,143.380005,143.679993,139.320984,20041200,-0.005881065326917123
2017-04-27,143.919998,144.16000400000001,143.309998,143.78999299999998,139.427643,14246300,0.0007655630683744974
2017-04-28,144.08999599999999,144.300003,143.270004,143.649994,139.291885,20860400,-0.0009736806638837026
2017-05-01,145.100006,147.199997,144.96000700000002,146.580002,142.132996,33602900,0.020396816368735138
2017-05-02,147.53999299999998,148.08999599999999,146.83999599999999,147.509995,143.034805,45352200,0.006344825096067153
2017-05-03,145.58999599999999,147.490005,144.270004,147.059998,142.59845,45697000,-0.003050691053831156
2017-05-04,146.520004,147.139999,145.809998,146.529999,142.084518,23371900,-0.0036040503946572766
2017-05-05,146.759995,148.979996,146.759995,148.96000700000002,144.440811,27327700,0.01658374207948543
2017-05-08,149.029999,153.699997,149.029999,153.009995,148.36792,48752400,0.027188361605086753
2017-05-09,153.869995,154.880005,153.449997,153.990005,149.31819199999998,39130400,0.0064048346839395975
2017-05-10,153.630005,153.940002,152.110001,153.259995,148.610352,25805700,-0.004740480650877288
2017-05-11,152.449997,154.070007,152.309998,153.949997,149.895569,27255100,0.008648233334377586
2017-05-12,154.699997,156.419998,154.669998,156.100006,151.988968,32527000,0.013965716358166791
2017-05-15,156.009995,156.649994,155.050003,155.699997,151.599518,26009700,-0.002562357025807316
2017-05-16,155.940002,156.059998,154.720001,155.470001,151.375549,20048500,-0.0014773727710662987
2017-05-17,153.600006,154.570007,149.71000700000002,150.25,146.29303000000002,50767700,-0.03357556113636284
2017-05-18,151.270004,153.33999599999999,151.130005,152.53999299999998,148.522705,33568200,0.01524115673863613
2017-05-19,153.380005,153.979996,152.630005,153.059998,149.029007,26960800,0.0034089198685143263
2017-05-22,154.0,154.580002,152.91000400000001,153.990005,149.93454,22966400,0.00607621977914663
2017-05-23,154.899994,154.899994,153.309998,153.800003,149.749542,19918900,-0.001233858455830128
2017-05-24,153.83999599999999,154.169998,152.669998,153.33999599999999,149.301636,19178000,-0.0029910341896070003
2017-05-25,153.729996,154.350006,153.029999,153.869995,149.81767299999998,19235600,0.0034563385494315035
2017-05-26,154.0,154.240005,153.309998,153.610001,149.564529,21927600,-0.001689680495838397
2017-05-30,153.419998,154.429993,153.330002,153.669998,149.62295500000002,20126900,0.0003906407514580046
2017-05-31,153.970001,154.169998,152.380005,152.759995,148.736908,24451200,-0.005921865398260673
2017-06-01,153.169998,153.330002,152.220001,153.179993,149.14584399999998,16404100,0.002749391563255932
2017-06-02,153.580002,155.449997,152.889999,155.449997,151.356079,27770700,0.01481928655015019
2017-06-05,154.33999599999999,154.449997,153.46000700000002,153.929993,149.876099,25331700,-0.009778133853480586
2017-06-06,153.899994,155.809998,153.779999,154.449997,150.38241599999998,26624900,0.003378237113043303
2017-06-07,155.020004,155.979996,154.479996,155.369995,151.278198,21069600,0.005956693766643761
2017-06-08,155.25,155.53999299999998,154.399994,154.990005,150.90820300000001,21250800,-0.0024457919574106812
2017-06-09,155.190002,155.190002,146.020004,148.979996,145.05645800000002,64882700,-0.038776851646692756
2017-06-12,145.740005,146.08999599999999,142.509995,145.419998,141.59024,72307300,-0.023895647582957147
2017-06-13,147.16000400000001,147.449997,145.149994,146.58999599999999,142.729416,34165400,0.008045582802882478
2017-06-14,147.5,147.5,143.83999599999999,145.16000400000001,141.337067,31531200,-0.009755164975942976
2017-06-15,143.320007,144.479996,142.21000700000002,144.28999299999998,140.48996,32165400,-0.005993523270155232
2017-06-16,143.779999,144.5,142.199997,142.270004,138.523209,50361100,-0.01399922812989618
2017-06-19,143.66000400000001,146.740005,143.66000400000001,146.33999599999999,142.486008,32541400,0.028607473279080642
2017-06-20,146.869995,146.869995,144.940002,145.009995,141.19101,24900100,-0.009088597667779363
2017-06-21,145.520004,146.070007,144.610001,145.869995,142.028366,21265800,0.0059306608827289775
2017-06-22,145.770004,146.699997,145.119995,145.630005,141.794708,19106300,-0.0016451502371012117
2017-06-23,145.130005,147.16000400000001,145.110001,146.279999,142.427597,35439400,0.0044634176333293585
2017-06-26,147.169998,148.279999,145.380005,145.820007,141.979691,25692400,-0.0031447978441986324
2017-06-27,145.009995,146.16000400000001,143.619995,143.729996,139.944733,24761900,-0.014332740025473023
2017-06-28,144.490005,146.110001,143.16000400000001,145.830002,141.989441,22082400,0.014610824974741865
2017-06-29,144.71000700000002,145.130005,142.279999,143.679993,139.896042,31499400,-0.01474334278138334
2017-06-30,144.449997,144.96000700000002,143.779999,144.020004,140.227097,23024100,0.002366435785223997
2017-07-03,144.880005,145.300003,143.100006,143.5,139.72079499999998,14277800,-0.0036105860481444596
2017-07-05,143.690002,144.78999299999998,142.720001,144.08999599999999,140.295242,21569600,0.004111392294897875
2017-07-06,143.020004,143.5,142.41000400000001,142.729996,138.971069,24128800,-0.009438474043189538
2017-07-07,142.899994,144.75,142.899994,144.179993,140.382874,19201700,0.010158984961107231
2017-07-10,144.110001,145.949997,143.369995,145.059998,141.2397,21090600,0.006103493792269932
2017-07-11,144.729996,145.850006,144.380005,145.529999,141.697327,19781800,0.0032400734354434135
2017-07-12,145.869995,146.179993,144.820007,145.740005,141.90181,24884500,0.001443097088204226
2017-07-13,145.5,148.490005,145.440002,147.770004,143.878342,25199400,0.013928870956614325
2017-07-14,147.970001,149.330002,147.330002,149.03999299999998,145.11488300000002,20132100,0.008594351191508753
2017-07-17,148.820007,150.899994,148.570007,149.559998,145.62117,23793500,0.0034888702628799173
2017-07-18,149.199997,150.130005,148.669998,150.080002,146.12751799999998,17868800,0.0034771592619395886
2017-07-19,150.479996,151.419998,149.949997,151.020004,147.04273999999998,20923000,0.006263173511234177
2017-07-20,151.5,151.740005,150.190002,150.33999599999999,146.380661,17243700,-0.00450262964359871
2017-07-21,149.990005,150.440002,148.880005,150.270004,146.312531,26252600,-0.0004654303344073796
2017-07-24,150.580002,152.440002,149.899994,152.08999599999999,148.084564,21493200,0.012111286626570683
2017-07-25,151.800003,153.83999599999999,151.800003,152.740005,148.717453,18853900,0.004273835050086605
2017-07-26,153.350006,153.929993,153.059998,153.46000700000002,149.418518,15781000,0.004714073471927982
2017-07-27,153.75,153.990005,147.300003,150.559998,146.594864,32476300,-0.018897617496112518
2017-07-28,149.889999,150.229996,149.190002,149.5,145.562775,17213700,-0.007040417186785053
2017-07-31,149.899994,150.330002,148.130005,148.729996,144.81303400000002,19845900,-0.005150636898753613
2017-08-01,149.100006,150.220001,148.41000400000001,150.050003,146.098297,35368600,0.00887532678860925
2017-08-02,159.279999,159.75,156.16000400000001,157.139999,153.001572,69936800,0.047250893006644645
2017-08-03,157.050003,157.21000700000002,155.020004,155.570007,151.47293100000002,27097300,-0.009991014994277236
2017-08-04,156.070007,157.399994,155.690002,156.389999,152.27131699999998,20559900,0.005270816341435669
2017-08-07,157.059998,158.919998,156.669998,158.809998,154.627609,21870300,0.015474299733022168
2017-08-08,158.600006,161.830002,158.270004,160.080002,155.864151,36205900,0.007996903062764016
2017-08-09,159.259995,161.270004,159.110001,161.059998,156.818329,26131500,0.0061218567186756
2017-08-10,159.899994,160.0,154.630005,155.320007,151.82338000000001,40804300,-0.03185181880110455
2017-08-11,156.600006,158.570007,156.070007,157.479996,153.934753,26257100,0.01390677114420713
2017-08-14,159.320007,160.21000700000002,158.75,159.850006,156.251419,22122700,0.015049661982437401
2017-08-15,160.66000400000001,162.199997,160.139999,161.600006,157.96199,29465500,0.010947554978684604
2017-08-16,161.940002,162.509995,160.149994,160.949997,157.32664499999998,27671600,-0.004022138490405225
2017-08-17,160.520004,160.71000700000002,157.83999599999999,157.860001,154.30621299999999,27940600,-0.019198477155601967
2017-08-18,157.860001,159.5,156.720001,157.5,153.9543,27428100,-0.0022806145854930016
2017-08-21,157.5,157.889999,155.110001,157.21000700000002,153.670837,26368500,-0.001841215217762593
2017-08-22,158.229996,160.0,158.020004,159.779999,156.182968,21604600,0.01634748042662104
2017-08-23,159.070007,160.470001,158.880005,159.979996,156.37846399999998,19399100,0.001251711390194643
2017-08-24,160.429993,160.740005,158.550003,159.270004,155.684448,19818900,-0.00443805356727367
2017-08-25,159.649994,160.559998,159.270004,159.860001,156.261154,25480100,0.0037043263306557606
2017-08-28,160.139999,162.0,159.929993,161.470001,157.834915,25966000,0.010071351450533728
2017-08-29,160.100006,163.119995,160.0,162.91000400000001,159.24250800000002,29516900,0.008918134495146557
2017-08-30,163.800003,163.889999,162.610001,163.350006,159.672623,27269600,0.0027010061911356686
2017-08-31,163.639999,164.520004,163.479996,164.0,160.307968,26785100,0.0039790478045820254
2017-09-01,164.800003,164.940002,163.630005,164.050003,160.356842,16591100,0.0003048756753003534
2017-09-05,163.75,164.25,160.559998,162.080002,158.431183,29468500,-0.01200858644996261
2017-09-06,162.71000700000002,162.990005,160.520004,161.91000400000001,158.26503,21651700,-0.0010487392497726677
2017-09-07,162.08999599999999,162.240005,160.360001,161.259995,157.62965400000002,21928500,-0.004014632923015182
2017-09-08,160.860001,161.149994,158.529999,158.630005,155.058868,28611500,-0.016309025204102934
2017-09-11,160.5,162.050003,159.889999,161.5,157.864258,31580800,0.018092418938593147
2017-09-12,162.610001,163.96000700000002,158.770004,160.860001,157.238647,71714000,-0.0039629679822776875
2017-09-13,159.869995,159.96000700000002,157.91000400000001,159.649994,156.055878,44907400,-0.007522126541829044
2017-09-14,158.990005,159.399994,158.08999599999999,158.279999,154.716736,23760700,-0.008581169880701345
2017-09-15,158.470001,160.970001,158.0,159.880005,156.28071599999998,49114600,0.0101086672355859
2017-09-18,160.110001,160.5,158.0,158.669998,155.097946,28269400,-0.007568240217174171
2017-09-19,159.509995,159.770004,158.440002,158.729996,155.156601,20810600,0.00037818037899728374
2017-09-20,157.899994,158.259995,153.830002,156.070007,152.556503,52951400,-0.016757894818796637
2017-09-21,155.800003,155.800003,152.75,153.389999,149.93682900000002,37511700,-0.017171827804678852
2017-09-22,151.53999299999998,152.270004,150.559998,151.889999,148.470596,46645400,-0.009779004996831153
2017-09-25,149.990005,151.830002,149.16000400000001,150.550003,147.160751,44387300,-0.008822251915793444
2017-09-26,151.779999,153.919998,151.690002,153.139999,149.692444,36660000,0.017203588475843024
2017-09-27,153.800003,154.720001,153.53999299999998,154.229996,150.757935,25504200,0.00711786761929023
2017-09-28,153.889999,154.279999,152.699997,153.279999,149.82931499999998,22005500,-0.006159675774280338
2017-09-29,153.21000700000002,154.130005,152.0,154.119995,150.650375,26299800,0.005479968990047324
2017-10-02,154.259995,154.449997,152.720001,153.809998,150.347382,18698800,-0.002011232962413678
2017-10-03,154.009995,155.08999599999999,153.91000400000001,154.479996,151.002274,16230300,0.00435585901987956
2017-10-04,153.630005,153.860001,152.46000700000002,153.479996,150.024796,20163800,-0.006473266753585394
2017-10-05,154.179993,155.440002,154.050003,155.389999,151.891785,21283800,0.01244453616854102
2017-10-06,154.970001,155.490005,154.559998,155.300003,151.803818,17407600,-0.000579142578382319
2017-10-09,155.809998,156.729996,155.490005,155.83999599999999,152.331665,16262900,0.0034771655084457898
2017-10-10,156.059998,158.0,155.100006,155.899994,152.390305,15617000,0.0003849495113181778
2017-10-11,155.970001,156.979996,155.75,156.550003,153.02569599999998,16905600,0.004169497528074162
2017-10-12,156.350006,157.369995,155.729996,156.0,152.488052,16125100,-0.003513423000539584
2017-10-13,156.729996,157.279999,156.41000400000001,156.990005,153.45576499999999,16394200,0.006346156222128085
2017-10-16,157.899994,160.0,157.649994,159.880005,156.28071599999998,24121500,0.018408894576231738
2017-10-17,159.779999,160.869995,159.229996,160.470001,156.857437,18997300,0.003690288954140808
2017-10-18,160.419998,160.71000700000002,159.600006,159.759995,156.163422,16374200,-0.0044244953460511605
2017-10-19,156.75,157.080002,155.020004,155.979996,152.468521,42584200,-0.02366047665118398
2017-10-20,156.610001,157.75,155.96000700000002,156.25,152.73242199999999,23974100,0.001730855643309992
2017-10-23,156.889999,157.690002,155.5,156.169998,152.654221,21984300,-0.0005120130943774281
2017-10-24,156.28999299999998,157.419998,156.199997,157.100006,153.563309,17757200,0.005955210370501396
2017-10-25,156.91000400000001,157.550003,155.270004,156.41000400000001,152.88884,21207100,-0.004392123381503965
2017-10-26,157.229996,157.830002,156.779999,157.41000400000001,153.866302,17000500,0.006393285474597166
2017-10-27,159.28999299999998,163.600006,158.699997,163.050003,159.37936399999998,44454200,0.0358302105681334
2017-10-30,163.889999,168.070007,163.720001,166.720001,162.966751,44700800,0.022508478575683055
2017-10-31,167.899994,169.649994,166.940002,169.03999299999998,165.23451200000002,36046800,0.013915482674131674
2017-11-01,169.869995,169.940002,165.610001,166.889999,163.132919,33637800,-0.012718850163699669
2017-11-02,166.600006,168.5,165.279999,168.110001,164.325455,41393400,0.007310210638724612
2017-11-03,174.0,174.259995,171.119995,172.5,168.616608,59398600,0.026113744824257434
2017-11-06,172.369995,174.990005,171.720001,174.25,170.327209,35026300,0.010144914076316791
2017-11-07,173.91000400000001,175.25,173.600006,174.809998,170.874619,24361500,0.003213872893320202
2017-11-08,174.66000400000001,176.240005,174.330002,176.240005,172.272415,24409500,0.008180243550389488
2017-11-09,175.110001,176.100006,173.139999,175.880005,171.920532,29482600,-0.0020425963146797343
2017-11-10,175.110001,175.380005,174.270004,174.669998,171.35153200000002,25145500,-0.0033096686787822405
2017-11-13,173.5,174.5,173.399994,173.970001,170.664841,16982100,-0.0040074984564481
2017-11-14,173.03999299999998,173.479996,171.179993,171.33999599999999,168.084793,24782500,-0.01511763046730874
2017-11-15,169.970001,170.320007,168.380005,169.080002,165.867737,29158100,-0.013190104592031626
2017-11-16,171.179993,171.869995,170.300003,171.100006,167.84938,23637500,0.011947127487487164
2017-11-17,171.03999299999998,171.389999,169.639999,170.149994,166.917419,21899500,-0.005552364864261028
2017-11-20,170.28999299999998,170.559998,169.559998,169.979996,166.750641,16262400,-0.0009991647426563777
2017-11-21,170.779999,173.699997,170.779999,173.139999,169.850601,25131300,0.01859039330469514
2017-11-22,173.360001,175.0,173.050003,174.96000700000002,171.636032,25588900,0.010511773225930332
2017-11-24,175.100006,175.5,174.649994,174.970001,171.645859,14026700,5.725487757723968e-05
2017-11-27,175.050003,175.080002,173.33999599999999,174.08999599999999,170.782547,20716800,-0.005029611579502213
2017-11-28,174.300003,174.869995,171.860001,173.070007,169.781952,26428800,-0.005858883226516176
2017-11-29,172.630005,172.919998,167.16000400000001,169.479996,166.260147,41666400,-0.020743105839659548
2017-11-30,170.429993,172.139999,168.440002,171.850006,168.58511399999998,41527200,0.013983910407585398
2017-12-01,169.949997,171.669998,168.5,171.050003,167.800308,39759300,-0.004655250878200179
2017-12-04,172.479996,172.619995,169.630005,169.800003,166.574081,32542400,-0.00730765643171527
2017-12-05,169.059998,171.520004,168.399994,169.639999,166.417099,27350200,-0.0009424155250179478
2017-12-06,167.5,170.199997,166.46000700000002,169.009995,165.79908799999998,28560000,-0.0037136268070627754
2017-12-07,169.029999,170.440002,168.91000400000001,169.320007,166.103195,25673300,0.0018341898237703713
2017-12-08,170.490005,171.0,168.820007,169.369995,166.152222,23355200,0.0002951598853953019
2017-12-11,169.199997,172.889999,168.78999299999998,172.669998,169.389542,35273800,0.019484060827064997
2017-12-12,172.149994,172.389999,171.46000700000002,171.699997,168.437973,19409200,-0.005617637244689
2017-12-13,172.5,173.53999299999998,172.0,172.270004,168.997131,23818400,0.003319667115680547
2017-12-14,172.399994,173.130005,171.649994,172.220001,168.948074,20476500,-0.0002902830344498897
2017-12-15,173.630005,174.169998,172.46000700000002,173.970001,170.664841,40169300,0.0101615067834393
2017-12-18,174.880005,177.199997,174.860001,176.419998,173.068283,29421100,0.014082818616401482
2017-12-19,175.029999,175.389999,174.08999599999999,174.53999299999998,171.22401399999998,27436400,-0.010656308412096638
2017-12-20,174.869995,175.419998,173.25,174.350006,171.037628,23475600,-0.0010885505814620666
2017-12-21,174.169998,176.020004,174.100006,175.009995,171.685074,20949900,0.0037854009528242027
2017-12-22,174.679993,175.419998,174.5,175.009995,171.685074,16114600,0.0
2017-12-26,170.800003,171.470001,169.679993,170.570007,167.329453,33185500,-0.025369829179209713
2017-12-27,170.100006,170.779999,169.71000700000002,170.600006,167.358871,21498200,0.00017580885775081434
2017-12-28,171.0,171.850006,170.479996,171.080002,167.829758,16480200,0.002813636332429592
2017-12-29,170.520004,170.58999599999999,169.220001,169.229996,166.01490800000002,25884400,-0.01081363651850098
2018-01-02,170.16000400000001,172.300003,169.259995,172.259995,168.98731999999998,25555900,0.01790448843305059
2018-01-03,172.529999,174.550003,171.96000700000002,172.229996,168.957886,29517900,-0.00017417874903269404
2018-01-04,172.53999299999998,173.470001,172.080002,173.029999,169.742706,22434600,0.004645062853118276
2018-01-05,173.440002,175.369995,173.050003,175.0,171.675278,23660000,0.011385302176106338
2018-01-08,174.350006,175.610001,173.929993,174.350006,171.037628,20567800,-0.003714279699608136
2018-01-09,174.550003,175.059998,173.41000400000001,174.330002,171.01800500000002,21584000,-0.00011472914018662017
2018-01-10,173.16000400000001,174.300003,173.0,174.28999299999998,170.97876000000002,23959900,-0.00022947876160750447
2018-01-11,174.58999599999999,175.490005,174.490005,175.279999,171.949951,18667700,0.005680185070940924
2018-01-12,176.179993,177.360001,175.649994,177.08999599999999,173.725571,25226000,0.01032637688858662
2018-01-16,177.899994,179.389999,176.139999,176.190002,172.842682,29565900,-0.005082090074120416
2018-01-17,176.149994,179.25,175.070007,179.100006,175.697388,34386800,0.016516209809796845
2018-01-18,179.369995,180.100006,178.25,179.259995,175.85433999999998,31193400,0.0008933086700184667
2018-01-19,178.610001,179.580002,177.41000400000001,178.46000700000002,175.06955,32425100,-0.0044627275050476145
2018-01-22,177.300003,177.779999,176.600006,177.0,173.637283,27108600,-0.008181131441761247
2018-01-23,177.300003,179.440002,176.820007,177.03999299999998,173.676514,32689100,0.00022593650005453547
2018-01-24,177.25,177.300003,173.199997,174.220001,170.91008,51105100,-0.015928659185317384
2018-01-25,174.509995,174.949997,170.529999,171.110001,167.859161,41529000,-0.017851018500488647
2018-01-26,172.0,172.0,170.059998,171.509995,168.251556,39143000,0.0023376442349785087
2018-01-29,170.16000400000001,170.16000400000001,167.070007,167.96000700000002,164.769012,50640400,-0.020698435621005484
2018-01-30,165.529999,167.369995,164.699997,166.970001,163.79783600000002,46048200,-0.005894166556026814
2018-01-31,166.869995,168.440002,166.5,167.429993,164.249084,32478900,0.00275490819060642
2018-02-01,167.169998,168.619995,166.759995,167.779999,164.592438,47230800,0.002090446970163695
2018-02-02,166.0,166.800003,160.100006,160.5,157.45074499999998,86593800,-0.04339016474134738
2018-02-05,159.100006,163.880005,156.0,156.490005,153.516953,72738500,-0.02498427047772933
2018-02-06,154.830002,163.720001,154.0,163.029999,159.932663,68243800,0.04179154076879055
2018-02-07,163.08999599999999,163.399994,159.070007,159.53999299999998,156.508972,51608600,-0.021407078052592565
2018-02-08,160.28999299999998,161.0,155.029999,155.149994,152.202393,54390500,-0.02751649918191268
2018-02-09,157.070007,157.889999,150.240005,156.41000400000001,154.064056,70672600,0.012231496255121321
2018-02-12,158.5,163.889999,157.509995,162.71000700000002,160.269562,60819500,0.04027873964320405
2018-02-13,161.949997,164.75,161.649994,164.33999599999999,161.875107,32549200,0.010017778672159805
2018-02-14,163.03999299999998,167.53999299999998,162.880005,167.369995,164.85965,40644900,0.018437319086991977
2018-02-15,169.78999299999998,173.08999599999999,169.0,172.990005,170.39536999999999,51147200,0.03357838015548387
2018-02-16,172.360001,174.820007,171.770004,172.429993,169.843765,40176100,-0.003237206503909129
2018-02-20,172.050003,174.259995,171.419998,171.850006,169.27246100000002,33930500,-0.0033637031067932366
2018-02-21,172.830002,174.119995,171.009995,171.070007,168.504166,37471600,-0.004538806817489527
2018-02-22,171.800003,173.949997,171.71000700000002,172.5,169.912704,30991900,0.008359069294464838
2018-02-23,173.669998,175.649994,173.53999299999998,175.5,172.867706,33812400,0.017391295238289084
2018-02-26,176.350006,179.389999,176.21000700000002,178.970001,176.285675,38162200,0.019772166121068357
2018-02-27,179.100006,180.479996,178.16000400000001,178.389999,175.71438600000002,38928100,-0.0032407000738997604
2018-02-28,179.259995,180.619995,178.050003,178.119995,175.44841,37782100,-0.0015136836889383387
2018-03-01,178.53999299999998,179.779999,172.66000400000001,175.0,172.375214,48802000,-0.017516237394228806
2018-03-02,172.800003,176.300003,172.449997,176.21000700000002,173.567078,38454000,0.006914358348526939
2018-03-05,175.21000700000002,177.740005,174.520004,176.820007,174.167923,28401400,0.003461745204928812
2018-03-06,177.91000400000001,178.25,176.130005,176.669998,174.020172,23788500,-0.0008483249811734872
2018-03-07,174.940002,175.850006,174.270004,175.029999,172.40476999999998,31703500,-0.00928284337059504
2018-03-08,175.479996,177.119995,175.070007,176.940002,174.286118,23774100,0.010912389488991536
2018-03-09,177.96000700000002,180.0,177.389999,179.979996,177.280518,32185200,0.017180943808731808
2018-03-12,180.28999299999998,182.389999,180.21000700000002,181.720001,178.994415,32207100,0.00966771204944239
2018-03-13,182.58999599999999,183.5,179.240005,179.970001,177.27066000000002,31693500,-0.009630216674637482
2018-03-14,180.320007,180.520004,177.809998,178.440002,175.763611,29368400,-0.008501401190699198
2018-03-15,178.5,180.240005,178.070007,178.649994,175.970459,22743800,0.0011768533817844151
2018-03-16,178.649994,179.119995,177.619995,178.020004,175.34991499999998,39404700,-0.003526410077728026
2018-03-19,177.320007,177.470001,173.66000400000001,175.300003,172.67073100000002,33446800,-0.015279072134138039
2018-03-20,175.240005,176.800003,174.940002,175.240005,172.611618,19649400,-0.000342345223522722
2018-03-21,175.03999299999998,175.08999599999999,171.259995,171.270004,168.701157,36338100,-0.022654680173382014
2018-03-22,170.0,172.679993,168.600006,168.850006,166.317459,41490800,-0.014129707480310727
2018-03-23,168.389999,169.919998,164.940002,164.940002,162.466095,41028800,-0.023156702989311606
2018-03-26,168.070007,173.100006,166.440002,172.770004,170.17868,37541200,0.047471966381662734
2018-03-27,173.679993,175.149994,166.919998,168.33999599999999,165.815109,40922600,-0.02564111438636152
2018-03-28,167.25,170.020004,165.190002,166.479996,163.983002,41668500,-0.011049095652676644
2018-03-29,167.809998,171.75,166.899994,167.779999,165.263504,38398500,0.0078087483725906015
2018-04-02,166.639999,168.940002,164.470001,166.679993,164.18000800000002,37586800,-0.006556172256882542
2018-04-03,167.639999,168.75,164.880005,168.389999,165.864349,30278000,0.01025911145040248
2018-04-04,164.880005,172.009995,164.770004,171.610001,169.036072,34605500,0.01912239139466898
2018-04-05,172.580002,174.229996,172.080002,172.800003,170.20820600000002,26933200,0.006934224074965689
2018-04-06,170.970001,172.479996,168.199997,168.380005,165.854523,35005300,-0.02557857286857257
2018-04-09,169.880005,173.08999599999999,169.850006,170.050003,167.49946599999998,29017700,0.0099179869818804
2018-04-10,173.0,174.0,171.529999,173.25,170.65145900000002,28408600,0.018817928649396576
2018-04-11,172.229996,173.919998,171.699997,172.440002,169.853622,22431600,-0.004675242770705079
2018-04-12,173.41000400000001,175.0,173.03999299999998,174.139999,171.528107,22889300,0.009858400311298698
2018-04-13,174.779999,175.83999599999999,173.850006,174.729996,172.109268,25124300,0.003388138598183099
2018-04-16,175.029999,176.190002,174.830002,175.820007,173.182922,21578400,0.006238211413460926
2018-04-17,176.490005,178.940002,176.41000400000001,178.240005,175.56662,26509000,0.01376404770442674
2018-04-18,177.809998,178.820007,176.880005,177.83999599999999,175.172607,20754500,-0.002244236404391642
2018-04-19,173.759995,175.389999,172.66000400000001,172.800003,170.20820600000002,34808800,-0.028340053191079018
2018-04-20,170.600006,171.220001,165.429993,165.720001,163.23439,65491100,-0.04097226663678033
2018-04-23,166.830002,166.919998,164.08999599999999,165.240005,162.761597,36515500,-0.002896405591983342
2018-04-24,165.669998,166.330002,161.220001,162.940002,160.49610900000002,33692000,-0.013919057331441498
2018-04-25,162.619995,165.419998,162.41000400000001,163.649994,161.19545,28382100,0.004357370433198282
2018-04-26,164.119995,165.729996,163.369995,164.220001,161.756912,27963000,0.0034831132020165523
2018-04-27,164.0,164.330002,160.630005,162.320007,159.88540600000002,35655800,-0.011569867258593436
2018-04-30,162.130005,167.259995,161.83999599999999,165.259995,162.781296,42427400,0.018112284744737694
2018-05-01,166.41000400000001,169.199997,165.270004,169.100006,166.563705,53569400,0.023236140102975922
2018-05-02,175.229996,177.75,173.800003,176.570007,173.921677,66539400,0.04417512206515806
2018-05-03,175.880005,177.5,174.440002,176.889999,174.236862,34068200,0.0018122237862276958
2018-05-04,178.25,184.25,178.169998,183.830002,181.072769,56201300,0.03923341433915395
2018-05-07,185.179993,187.669998,184.75,185.16000400000001,182.382813,42451400,0.007234903443708918
2018-05-08,184.990005,186.220001,183.669998,186.050003,183.259476,28402800,0.0048067193699881106
2018-05-09,186.550003,187.399994,185.220001,187.360001,184.549835,23211200,0.007041158406455361
2018-05-10,187.740005,190.369995,187.649994,190.03999299999998,187.189621,27989300,0.014303919588982472
2018-05-11,189.490005,190.059998,187.449997,188.58999599999999,186.477692,26212200,-0.0038032503949564367
2018-05-14,189.009995,189.529999,187.860001,188.149994,186.042618,20778800,-0.0023331155342698473
2018-05-15,186.779999,187.070007,185.100006,186.440002,184.351776,23695200,-0.009088465955687686
2018-05-16,186.070007,188.46000700000002,186.0,188.179993,186.07226599999998,19183100,0.0093326467329502
2018-05-17,188.0,188.91000400000001,186.360001,186.990005,184.895615,17294000,-0.006323623747345519
2018-05-18,187.190002,187.809998,186.130005,186.309998,184.223236,18297700,-0.0036365329702382487
2018-05-21,188.0,189.270004,186.91000400000001,187.630005,185.52844199999998,18400800,0.007084915173241058
2018-05-22,188.380005,188.880005,186.779999,187.16000400000001,185.063721,15240700,-0.002504850442284212
2018-05-23,186.350006,188.5,185.759995,188.360001,186.250259,20058400,0.006411510552087218
2018-05-24,188.770004,188.83999599999999,186.21000700000002,188.149994,186.042618,23234000,-0.0011148494563972822
2018-05-25,188.229996,189.649994,187.649994,188.580002,186.467804,17461000,0.002285422579895169
2018-05-29,187.600006,188.75,186.869995,187.899994,185.795425,22514100,-0.0036058718211751106
2018-05-30,187.720001,188.0,186.779999,187.5,185.399887,18690500,-0.0021288898798234035
2018-05-31,187.220001,188.229996,186.139999,186.869995,184.776947,27482800,-0.003359980472911528
2018-06-01,187.990005,190.259995,187.75,190.240005,188.109222,23442500,0.01803404079406068
2018-06-04,191.639999,193.419998,191.350006,191.830002,189.681396,26266200,0.008357772060744617
2018-06-05,193.070007,193.940002,192.360001,193.309998,191.144821,21566000,0.007715174133366309
2018-06-06,193.630005,194.080002,191.919998,193.979996,191.80731200000002,20933600,0.00346591132594698
2018-06-07,194.139999,194.199997,192.33999599999999,193.46000700000002,191.293152,21347200,-0.002680606879053915
2018-06-08,191.169998,192.0,189.770004,191.699997,189.55285600000002,26656800,-0.009097534238967309
2018-06-11,191.350006,191.970001,190.21000700000002,191.229996,189.08813500000002,18308500,-0.0024516697337443327
2018-06-12,191.389999,192.610001,191.149994,192.279999,190.126358,16911100,0.005490682955860748
2018-06-13,192.419998,192.880005,190.440002,190.699997,188.564056,21638400,-0.008217177336348191
2018-06-14,191.550003,191.570007,190.220001,190.800003,188.662933,21610100,0.0005243682284814533
2018-06-15,190.029999,190.16000400000001,188.259995,188.83999599999999,186.724884,61719200,-0.010272547814148547
2018-06-18,187.880005,189.220001,187.199997,188.740005,186.626022,18484900,-0.0005294527321810794
2018-06-19,185.139999,186.330002,183.449997,185.690002,183.610168,33578500,-0.01615987935487373
2018-06-20,186.350006,187.199997,185.729996,186.5,184.411102,20628700,0.004362144039866012
2018-06-21,187.25,188.350006,184.940002,185.46000700000002,183.382751,25711900,-0.005576405047457378
2018-06-22,186.119995,186.149994,184.699997,184.919998,182.84878500000002,27200400,-0.0029117569514484076
2018-06-25,183.399994,184.919998,180.729996,182.169998,180.12960800000002,31663100,-0.014871178936190388
2018-06-26,182.990005,186.529999,182.53999299999998,184.429993,182.364288,24569200,0.012405956049157396
2018-06-27,185.229996,187.279999,184.029999,184.16000400000001,182.097321,25285300,-0.001463921488838782
2018-06-28,184.100006,186.21000700000002,183.800003,185.5,183.422302,17365200,0.007276224563457445
2018-06-29,186.28999299999998,187.190002,182.91000400000001,185.110001,183.036682,22737700,-0.0021023615765110026
2018-07-02,183.820007,187.300003,183.419998,187.179993,185.083466,17731300,0.011182370537070607
2018-07-03,187.78999299999998,187.949997,183.53999299999998,183.919998,181.85998500000002,13954800,-0.01741636392307433
2018-07-05,185.259995,186.41000400000001,184.279999,185.399994,183.32341,16604200,0.00804698735678433
2018-07-06,185.419998,188.429993,185.199997,187.970001,185.864655,17485200,0.013862086680582753
2018-07-09,189.5,190.679993,189.300003,190.580002,188.445404,19756600,0.013885098272180985
2018-07-10,190.71000700000002,191.279999,190.179993,190.350006,188.217972,15939100,-0.0012068853639963795
2018-07-11,188.5,189.779999,187.610001,187.880005,185.77565,18831500,-0.012976029727915672
2018-07-12,189.529999,191.41000400000001,189.309998,191.029999,188.890366,18041100,0.016766007816417128
2018-07-13,191.080002,191.83999599999999,190.899994,191.330002,189.187012,12513900,0.0015704665424811637
2018-07-16,191.520004,192.649994,190.419998,190.91000400000001,188.77171299999998,15043100,-0.0021951771192413316
2018-07-17,189.75,191.869995,189.199997,191.449997,189.30566399999998,15534500,0.00282855408532523
2018-07-18,191.779999,191.800003,189.929993,190.399994,188.26741,16393400,-0.0054845374304276495
2018-07-19,189.690002,192.550003,189.690002,191.880005,189.73085,20286800,0.007773198770833378
2018-07-20,191.779999,192.429993,190.169998,191.440002,189.295776,20676200,-0.0022931115314142048
2018-07-23,190.679993,191.96000700000002,189.559998,191.610001,189.463867,15989400,0.0008879807228239223
2018-07-24,192.449997,193.66000400000001,192.050003,193.0,190.838303,18697900,0.007254343647488115
2018-07-25,193.059998,194.850006,192.429993,194.820007,192.637924,16709900,0.009430082806804352
2018-07-26,194.610001,195.96000700000002,193.610001,194.21000700000002,192.03476,19076000,-0.00313107610108998
2018-07-27,194.990005,195.190002,190.100006,190.979996,188.840912,24024000,-0.016631613984884885
2018-07-30,191.899994,192.199997,189.070007,189.91000400000001,187.78291299999998,21029500,-0.005602594209034639
2018-07-31,190.300003,192.139999,189.33999599999999,190.28999299999998,188.158646,39373000,0.0020008902513937166
2018-08-01,199.130005,201.759995,197.309998,201.5,199.243088,67935700,0.05891008590697444
2018-08-02,200.580002,208.380005,200.350006,207.389999,205.067123,62404000,0.029230800719169725
2018-08-03,207.029999,208.740005,205.479996,207.990005,205.660416,33447400,0.002893164888259525
2018-08-06,208.0,209.25,207.070007,209.070007,206.728317,25425400,0.005192545171162077
2018-08-07,209.320007,209.5,206.759995,207.110001,204.790268,25587400,-0.009374859855314388
2018-08-08,206.050003,207.809998,204.520004,207.25,204.928696,22525500,0.0006759500895814341
2018-08-09,207.279999,209.77999900000003,207.199997,208.880005,206.540436,23469200,0.007864881939228185
2018-08-10,207.360001,209.100006,206.669998,207.529999,205.925232,24611200,-0.002978612865908725
2018-08-13,207.699997,210.94999700000002,207.699997,208.869995,207.254883,25869100,0.006456960067914519
2018-08-14,210.16000400000001,210.559998,208.259995,209.75,208.128067,20748000,0.00421309253302371
2018-08-15,209.220001,210.74000499999997,208.330002,210.24000499999997,208.614273,28807600,0.0023360904995095577
2018-08-16,211.75,213.809998,211.47000099999997,213.32000699999998,211.670471,28500400,0.014649994729746929
2018-08-17,213.440002,217.94999700000002,213.16000400000001,217.580002,215.897522,35427000,0.019969960760374716
2018-08-20,218.100006,219.17999300000002,215.11000099999998,215.460007,213.79393,30287700,-0.009743474498980165
2018-08-21,216.80000299999998,217.190002,214.02999900000003,215.039993,213.377167,26159800,-0.0019493677860732417
2018-08-22,214.100006,216.36000099999998,213.83999599999999,215.05000299999998,213.387085,19018100,4.648107451932226e-05
2018-08-23,214.649994,217.05000299999998,214.600006,215.49000499999997,213.823685,18883200,0.0020460469760856803
2018-08-24,216.600006,216.899994,215.11000099999998,216.16000400000001,214.48849500000003,18476400,0.0031091504198892395
2018-08-27,217.149994,218.74000499999997,216.330002,217.940002,216.254745,20525100,0.008234707414026987
2018-08-28,219.00999500000003,220.539993,218.919998,219.69999700000002,218.001129,22776800,0.008075586965733406
2018-08-29,220.149994,223.49000499999997,219.41000400000001,222.979996,221.25575299999997,27254800,0.014929390572101076
2018-08-30,223.25,228.25999500000003,222.399994,225.02999900000003,223.289917,48793800,0.009193722524358572
2018-08-31,226.50999500000003,228.86999500000002,226.0,227.63000499999998,225.86981200000002,43340100,0.011554014774433519
2018-09-04,228.41000400000001,229.17999300000002,226.63000499999998,228.36000099999998,226.594162,27390100,0.003206935860910809
2018-09-05,228.99000499999997,229.669998,225.100006,226.86999500000002,225.115677,33333000,-0.006524815056797473
2018-09-06,226.229996,227.350006,221.30000299999998,223.100006,221.37484700000002,34290000,-0.016617367789982906
2018-09-07,221.850006,225.36999500000002,220.710007,221.30000299999998,219.58876,37619800,-0.008068156903119239
2018-09-10,220.94999700000002,221.850006,216.47000099999997,218.330002,216.641724,39516500,-0.013420705139917
2018-09-11,218.00999500000003,224.30000299999998,216.559998,223.850006,222.11904900000002,35749000,0.025282872102698084
2018-09-12,224.940002,225.0,219.83999599999999,221.07000699999998,219.36055,49278700,-0.01241901139239987
2018-09-13,223.520004,228.350006,222.57000699999998,226.41000400000001,224.659256,41706400,0.024155236664021862
2018-09-14,225.75,226.83999599999999,222.520004,223.83999599999999,222.1091,31999300,-0.011351217151720605
2018-09-17,222.149994,222.94999700000002,217.270004,217.88000499999998,216.195206,37195100,-0.02662607700449915
2018-09-18,217.789993,221.850006,217.11999500000002,218.24000499999997,216.552414,31571700,0.0016522475526121738
2018-09-19,218.5,219.61999500000002,215.30000299999998,218.36999500000002,216.68141200000002,27123800,0.0005956895036045573
2018-09-20,220.24000499999997,222.27999900000003,219.149994,220.02999900000003,218.328583,26608800,0.007601810348180527
2018-09-21,220.77999900000003,221.36000099999998,217.289993,217.66000400000001,215.976913,96246700,-0.010771241986213154
2018-09-24,216.82000699999998,221.25999500000003,216.63000499999998,220.789993,219.08268700000002,27693400,0.014380120341844327
2018-09-25,219.75,222.82000699999998,219.69999700000002,222.190002,220.47187799999998,24554400,0.006340943773434526
2018-09-26,221.0,223.75,219.75999500000003,220.419998,218.71556099999998,23984700,-0.007966172447626207
2018-09-27,223.82000699999998,226.440002,223.539993,224.94999700000002,223.210526,30181200,0.0205516469859226
2018-09-28,224.789993,225.83999599999999,224.020004,225.74000499999997,223.994431,22929400,0.0035119535536598523
2018-10-01,227.94999700000002,229.419998,226.350006,227.25999500000003,225.50267000000002,23600800,0.006733377224007908
2018-10-02,227.25,230.0,226.63000499999998,229.27999900000003,227.50705,24788200,0.008888497861244682
2018-10-03,230.05000299999998,233.47000099999997,229.77999900000003,232.07000699999998,230.27548199999998,28654800,0.012168554776654128
2018-10-04,230.77999900000003,232.350006,226.729996,227.99000499999997,226.227036,32042000,-0.017580881667636605
2018-10-05,227.960007,228.41000400000001,220.580002,224.289993,222.555634,33580500,-0.016228838360415998
2018-10-08,222.210007,224.80000299999998,220.19999700000002,223.770004,222.039658,29663900,-0.002318413561258059
2018-10-09,223.63999900000002,227.270004,222.25,226.86999500000002,225.115677,26891000,0.013853466663148906
2018-10-10,225.460007,226.350006,216.05000299999998,216.36000099999998,214.686966,41990600,-0.04632600953864263
2018-10-11,214.520004,219.5,212.32000699999998,214.44999700000002,212.791718,53124400,-0.008827960240492705
2018-10-12,220.419998,222.88000499999998,216.83999599999999,222.11000099999998,220.392502,40337900,0.03571936009276455
2018-10-15,221.16000400000001,221.830002,217.270004,217.36000099999998,215.67923,30791000,-0.02138580921414479
2018-10-16,218.92999300000002,222.99000499999997,216.75999500000003,222.149994,220.432175,29184000,0.022037101115392588
2018-10-17,222.30000299999998,222.63999900000002,219.33999599999999,221.190002,219.47961400000003,22885400,-0.0043213337617340475
2018-10-18,217.86000099999998,219.74000499999997,213.0,216.020004,214.349579,32581300,-0.023373628677878067
2018-10-19,218.059998,221.25999500000003,217.42999300000002,219.309998,217.61415099999996,33078700,0.015230130216397297
2018-10-22,219.789993,223.36000099999998,218.940002,220.649994,218.943771,28792100,0.0061099886835944694
2018-10-23,215.830002,223.25,214.69999700000002,222.729996,221.00769,38767800,0.009426708010797924
2018-10-24,222.600006,224.229996,214.539993,215.08999599999999,213.426773,40925500,-0.03430159828375201
2018-10-25,217.710007,221.38000499999998,216.75,219.80000299999998,218.10035699999997,29855800,0.02189783378301824
2018-10-26,215.899994,220.190002,212.669998,216.30000299999998,214.627411,47258400,-0.015923614467077574
2018-10-29,219.190002,219.690002,206.08999599999999,212.24000499999997,210.59883100000002,45935500,-0.018770109471245355
2018-10-30,211.149994,215.17999300000002,209.270004,213.30000299999998,211.65062000000003,36660000,0.004994277484854592
2018-10-31,216.88000499999998,220.44999700000002,216.61999500000002,218.86000099999998,217.167618,38358900,0.026066533610910048
2018-11-01,219.05000299999998,222.36000099999998,216.809998,222.22000099999997,220.501633,58323200,0.015352265824456257
2018-11-02,209.550003,213.649994,205.429993,207.479996,205.87561000000002,91328700,-0.06633067882993848
2018-11-05,204.300003,204.389999,198.169998,201.58999599999999,200.031158,66163700,-0.028388268042047415
2018-11-06,201.919998,204.720001,201.690002,203.770004,202.194321,31882900,0.010814130266645794
2018-11-07,205.970001,210.059998,204.130005,209.94999700000002,208.32650800000002,33424400,0.030328186121508338
2018-11-08,209.979996,210.11999500000002,206.75,208.490005,207.599655,25362600,-0.0034890087055076124
2018-11-09,205.550003,206.009995,202.25,204.470001,203.596817,34365800,-0.019281525299259417
2018-11-12,199.0,199.850006,193.78999299999998,194.169998,193.34079,51135500,-0.050374201085864656
2018-11-13,191.630005,197.179993,191.449997,192.229996,191.409073,46882900,-0.009991254302829655
2018-11-14,193.899994,194.479996,185.929993,186.800003,186.002274,60801000,-0.028247349591416726
2018-11-15,188.389999,191.970001,186.899994,191.41000400000001,190.59259,46478800,0.02467881656113513
2018-11-16,190.5,194.970001,189.46000700000002,193.529999,192.703537,36928300,0.01107570341533215
2018-11-19,190.0,190.699997,184.990005,185.860001,185.066284,41925300,-0.03963213711017677
2018-11-20,178.369995,181.470001,175.509995,176.979996,176.224197,67825200,-0.04777794641405342
2018-11-21,179.729996,180.270004,176.550003,176.779999,176.025055,31124200,-0.0011300491271354351
2018-11-23,174.940002,176.600006,172.100006,172.28999299999998,171.55423000000002,23624000,-0.025398799051646326
2018-11-26,174.240005,174.949997,170.259995,174.619995,173.87428300000002,44998500,0.013523729493583492
2018-11-27,171.509995,174.770004,170.880005,174.240005,173.495911,41387400,-0.0021761239987400094
2018-11-28,176.729996,181.28999299999998,174.929993,180.940002,180.167297,46062500,0.03845269874977042
2018-11-29,182.66000400000001,182.800003,177.699997,179.550003,178.78323400000002,41770000,-0.00768209893274896
2018-11-30,180.28999299999998,180.330002,177.029999,178.580002,177.817383,39531500,-0.005402357807220426
2018-12-03,184.46000700000002,184.940002,181.21000700000002,184.820007,184.030731,40802500,0.03494229807667337
2018-12-04,180.949997,182.389999,176.270004,176.690002,175.93545500000002,41344300,-0.0439887183842137
2018-12-06,171.759995,174.779999,170.419998,174.720001,173.97386200000003,43098400,-0.011149503663147375
2018-12-07,173.490005,174.490005,168.300003,168.490005,167.770477,42281600,-0.035656994267334374
2018-12-10,165.0,170.08999599999999,163.330002,169.600006,168.875732,62026000,0.006587899252381568
2018-12-11,171.66000400000001,171.78999299999998,167.0,168.630005,167.909866,47281700,-0.005719388976504924
2018-12-12,170.399994,171.919998,169.020004,169.100006,168.377869,35627700,0.0027872275236049404
2018-12-13,170.490005,172.570007,169.550003,170.949997,170.219955,31898600,0.010940190720670095
2018-12-14,169.0,169.080002,165.279999,165.479996,164.773315,40703700,-0.03199765855889225
2018-12-17,165.449997,168.350006,162.729996,163.940002,163.239899,44287900,-0.009306215633277715
2018-12-18,165.380005,167.529999,164.389999,166.070007,165.36080900000002,33841500,0.012992595639868654
2018-12-19,166.0,167.449997,159.08999599999999,160.889999,160.202927,49047300,-0.03119168339337297
2018-12-20,160.399994,162.110001,155.300003,156.830002,156.160263,64773000,-0.02523464505739026
2018-12-21,156.860001,158.16000400000001,149.630005,150.729996,150.086304,95744600,-0.03889567604019706
2018-12-24,148.149994,151.550003,146.58999599999999,146.830002,146.202972,37169200,-0.025873993139307494
2018-12-26,148.300003,157.229996,146.720001,157.169998,156.49881000000002,58582500,0.07042153698489817
2018-12-27,155.83999599999999,156.770004,150.070007,156.149994,155.483154,53117100,-0.006489864044333715
2018-12-28,157.5,158.520004,154.550003,156.229996,155.56282,42291400,0.0005123770514712245
2018-12-31,158.529999,159.360001,156.479996,157.740005,157.066376,35003500,0.00966526577494542
2019-01-02,154.889999,158.850006,154.229996,157.919998,157.245605,37039700,0.0011411035548436477
2019-01-03,143.979996,145.720001,142.0,142.190002,141.58277900000002,91312200,-0.09960740079190122
2019-01-04,144.529999,148.550003,143.800003,148.259995,147.626846,58607100,0.0426892807351944
2019-01-07,148.699997,148.830002,145.899994,147.929993,147.298264,54777800,-0.0022257604826158017
2019-01-08,149.559998,151.820007,148.520004,150.75,150.106216,41025300,0.019063035257496308
2019-01-09,151.28999299999998,154.529999,149.630005,153.309998,152.65528899999998,45099100,0.016981795077693373
2019-01-10,152.5,153.970001,150.860001,153.800003,153.143204,35780700,0.0031961879814070837
2019-01-11,152.880005,153.699997,151.509995,152.28999299999998,151.639633,27023200,-0.00981807197921758
2019-01-14,150.850006,151.270004,149.220001,150.0,149.359421,32439200,-0.015037045097570312
2019-01-15,150.270004,153.389999,150.050003,153.070007,152.41632099999998,28710900,0.02046673707981217
2019-01-16,153.080002,155.880005,153.0,154.940002,154.27833600000002,30569700,0.012216637875677616
2019-01-17,154.199997,157.66000400000001,153.259995,155.860001,155.194397,29821200,0.005937716362198753
2019-01-18,157.5,157.880005,155.979996,156.820007,156.15031399999998,33751000,0.006159481389008903
2019-01-22,156.41000400000001,156.729996,152.619995,153.300003,152.64534,30394000,-0.022446154030788423
2019-01-23,154.149994,155.139999,151.699997,153.919998,153.26268000000002,23130600,0.004044276752896758
2019-01-24,154.110001,154.479996,151.740005,152.699997,152.047897,25441500,-0.007926150058187753
2019-01-25,155.479996,158.130005,154.320007,157.759995,157.086288,33535500,0.03313686739120092
2019-01-28,155.78999299999998,156.330002,153.66000400000001,156.300003,155.632523,26192100,-0.009254563326367538
2019-01-29,156.25,158.130005,154.110001,154.679993,154.01944,41587200,-0.010364690932884169
2019-01-30,163.25,166.149994,160.229996,165.25,164.544296,61109800,0.06833459464597458
2019-01-31,166.110001,169.0,164.559998,166.440002,165.729218,40739600,0.007201234128468403
2019-02-01,166.96000700000002,168.979996,165.929993,166.520004,165.808884,32668100,0.00048069978825338033
2019-02-04,167.41000400000001,171.66000400000001,167.279999,171.25,170.518677,31495500,0.028404949640695953
2019-02-05,172.860001,175.080002,172.350006,174.179993,173.436157,36101600,0.017109445436291004
2019-02-06,174.649994,175.570007,172.850006,174.240005,173.495911,28239600,0.00034453023541103356
2019-02-07,172.399994,173.940002,170.33999599999999,170.940002,170.21000700000002,31741700,-0.018939374311824464
2019-02-08,168.990005,170.66000400000001,168.419998,170.41000400000001,170.41000400000001,23820000,0.0011750014204510162
2019-02-11,171.050003,171.21000700000002,169.25,169.429993,169.429993,20993400,-0.005750900633744616
2019-02-12,170.100006,171.0,169.699997,170.889999,170.889999,22283500,0.008617163786343252
2019-02-13,171.389999,172.479996,169.919998,170.179993,170.179993,22490200,-0.0041547545447641054
2019-02-14,169.71000700000002,171.259995,169.380005,170.800003,170.800003,21835700,0.0036432602274230064
2019-02-15,171.25,171.699997,169.75,170.419998,170.419998,24626800,-0.0022248535908984124
2019-02-19,169.71000700000002,171.440002,169.490005,170.929993,170.929993,18972800,0.0029925771974248505
2019-02-20,171.190002,173.320007,170.990005,172.029999,172.029999,26114400,0.006435418270917648
2019-02-21,171.800003,172.369995,170.300003,171.059998,171.059998,17249700,-0.005638557261167021
2019-02-22,171.580002,173.0,171.380005,172.970001,172.970001,18913200,0.01116569053157579
2019-02-25,174.16000400000001,175.869995,173.949997,174.229996,174.229996,21873400,0.007284471253486302
2019-02-26,173.71000700000002,175.300003,173.169998,174.330002,174.330002,17070200,0.0005739884193076694
2019-02-27,173.21000700000002,175.0,172.729996,174.869995,174.869995,27825000,0.0030975333781042558
2019-02-28,174.320007,174.91000400000001,173.399994,174.149994,174.149994,9053993,-0.004117350149177912
